Workbook

Sheet RPA - 2026
B2: RESUMO ANUAL DO PAGAMENTO DE RPA | F2: ANO
F3: 2026
B4: MÊS | C4: VALOR DOS SERVIÇOS | D4: INSS DESCONTADO | E4: INSS DA EMPRESA | F4: VALOR LÍQUIDO PAGO
B5: ...
B6: Março | C6: ='RPA - Março 2026'!E10 -> 2500 | D6: ='RPA - Março 2026'!F10 -> 275 | E6: ='RPA - Março 2026'!G10 -> 500 | F6: ='RPA - Março 2026'!H10 -> 2225
B7: Abril | C7: ='RPA - Abril 2026'!E10 -> 2395 | D7: ='RPA - Abril 2026'!F10 -> 263.45 | E7: ='RPA - Abril 2026'!G10 -> 479 | F7: ='RPA - Abril 2026'!H10 -> 2131.55
B8: ...
B9: TOTAL | C9: =SUM(C5:C8) -> 4895 | D9: =SUM(D5:D8) -> 538.45 | E9: =SUM(E5:E8) -> 979 | F9: =SUM(F5:F8) -> 4356.55

Sheet RPA - Abril 2026
B2: RELATÓRIO DE PAGAMENTO RPA | G2: MÊS | H2: ANO
G3: ABRIL | H3: 2026
B4: DATA | C4: NOME | D4: CPF | E4: VALOR DO SERVIÇO | F4: INSS DESCONTADO | G4: INSS DA EMPRESA | H4: VALOR LÍQUIDO A PAGAR
B5: 46117 | C5: João Ferraz | D5: 9876543212 | E5: 800 | F5: =$D$13*E5 -> 88 | G5: =$D$14*E5 -> 160 | H5: =E5-F5 -> 712
B6: 46123 | C6: Mariana Lessa | D6: 13579134689 | E6: 250 | F6: =$D$13*E6 -> 27.5 | G6: =$D$14*E6 -> 50 | H6: =E6-F6 -> 222.5
B7: 46129 | C7: Heitor Dias | D7: 34215675623 | E7: 1345 | F7: =$D$13*E7 -> 147.95 | G7: =$D$14*E7 -> 269 | H7: =E7-F7 -> 1197.05
F8: =$D$13*E8 -> 0 | G8: =$D$14*E8 -> 0 | H8: =E8-F8 -> 0
F9: =$D$13*E9 -> 0 | G9: =$D$14*E9 -> 0 | H9: =E9-F9 -> 0
B10: TOTAL DO PERÍODO | E10: =SUM(E5:E9) -> 2395 | F10: =SUM(F5:F9) -> 263.45 | G10: =SUM(G5:G9) -> 479 | H10: =SUM(H5:H9) -> 2131.55
B12: Tabela de Alíquotas do INSS
B13: Descontado do Autônomo | D13: 0.11
B14: Contribuição da empresa | D14: 0.2

Sheet RPA - Março 2026
B2: RELATÓRIO DE PAGAMENTO RPA | G2: MÊS | H2: ANO
G3: MARÇO | H3: 2026
B4: DATA | C4: NOME | D4: CPF | E4: VALOR DO SERVIÇO | F4: INSS DESCONTADO | G4: INSS DA EMPRESA | H4: VALOR LÍQUIDO A PAGAR
B5: 46082 | C5: Lucas Almeida | D5: 16548935203 | E5: 1200 | F5: =$D$13*E5 -> 132 | G5: =$D$14*E5 -> 240 | H5: =E5-F5 -> 1068
B6: 46086 | C6: Fernanda Carvalho | D6: 34265812054 | E6: 955 | F6: =$D$13*E6 -> 105.05 | G6: =$D$14*E6 -> 191 | H6: =E6-F6 -> 849.95
B7: 46091 | C7: Rafael Moreira | D7: 4908415104 | E7: 345 | F7: =$D$13*E7 -> 37.95 | G7: =$D$14*E7 -> 69 | H7: =E7-F7 -> 307.05
F8: =$D$13*E8 -> 0 | G8: =$D$14*E8 -> 0 | H8: =E8-F8 -> 0
F9: =$D$13*E9 -> 0 | G9: =$D$14*E9 -> 0 | H9: =E9-F9 -> 0
B10: TOTAL DO PERÍODO | E10: =SUM(E5:E9) -> 2500 | F10: =SUM(F5:F9) -> 275 | G10: =SUM(G5:G9) -> 500 | H10: =SUM(H5:H9) -> 2225
B12: Tabela de Alíquotas do INSS
B13: Descontado do Autônomo | D13: 0.11
B14: Contribuição da empresa | D14: 0.2
